datacenter_reference,datacenter_name,datacenter_abstract,datacenter_citation,datacenter_pi,datacenter_pi_organization,datacenter_pi_contact,datacenter_infourl,datacenter_keywords,datacenter_keywords_vocabulary,datacenter_doi,datacenter_license,datacenter_distribution_statement,datacenter_date_modified,datacenter_geospatial_lon_min,datacenter_geospatial_lon_max,datacenter_geospatial_lat_min,datacenter_geospatial_lat_max,time_coverage_start,time_coverage_end
,,,,,,,,,,,,,,,,,,UTC,UTC
OTN-NEP,Ocean Tracking Network Northeast Pacific Node,"OTN is a research and technology development initiative headquartered at ¦                  Dalhousie University, in Halifax Nova Scotia. Starting in 2008, OTN began deploying Canadian state of ¦                  the art acoustic receivers and oceanographic monitoring equipment in key ocean locations. These are ¦                  being used to document the movements and survival of marine animals carrying acoustic tags and to ¦                  document how both are influenced by oceanographic conditions. The OTN Data Center aggregates data from¦                  its member projects to resolve detections between projects and create common formats for data products¦                  that can more easily be used in analysis and synthesis efforts.",Ocean Tracking Network Data Centre - Northeast Pacific Node,Director of Data Management,OTN,otndc@dal.ca,https://members.oceantrack.org,"ACADEMIC > DALHOUSIE/BIOLOGY, EARTH SCIENCE > BIOLOGICAL CLASSIFICATION > ANIMALS/VERTEBRATES > FISH",GCMD,10.1428,"By accessing or using OTN Data you agree to: ¦                              a) give proper attribution to all Data Providers and to OTN by using the preformed citations contained in OTN metadata reports and in the data records, ¦                              b) inform OTN of publications, products or commercial applications using the data, ¦                              c) acknowledge that neither the OTN nor the provider is liable for inaccuracies in the data, ¦                              d) assume responsibility for investigating and understanding the limitations of the data, ¦                              e) report all problems with respect to data to otndc@dal.ca. ¦                              For full policy, see: http://members.oceantrack.org/policies/otn-data-policy-ver-11-oct-30.",,,NaN,NaN,NaN,NaN,,
OTN-Global,Ocean Tracking Network Data Centre,"OTN is a research and technology development initiative headquartered at Dalhousie University, in Halifax Nova Scotia. Starting in 2008, OTN began deploying Canadian state of the art acoustic receivers and oceanographic monitoring equipment in key ocean locations. These are being used to document the movements and survival of marine animals carrying acoustic tags and to document how both are influenced by oceanographic conditions. The OTN Data Center aggregates data from its member projects to resolve detections between projects and create common formats for data products that can more easily be used in analysis and synthesis efforts.",Ocean Tracking Network Data Centre.,Director of Data Management,OTN,otndc@dal.ca,https://members.oceantrack.org,"ACADEMIC > DALHOUSIE/BIOLOGY, EARTH SCIENCE > BIOLOGICAL CLASSIFICATION > ANIMALS/VERTEBRATES > FISH",GCMD,10.1428,"By accessing or using OTN Data you agree to: a) give proper attribution to all Data Providers and to OTN by using the preformed citations contained in OTN metadata reports and in the data records, b) inform OTN of publications, products or commercial applications using the data, c) acknowledge that neither the OTN nor the provider is liable for inaccuracies in the data, d) assume responsibility for investigating and understanding the limitations of the data, e) report all problems with respect to data to otndc@dal.ca. For full policy, see: http://members.oceantrack.org/policies/otn-data-policy-ver-11-oct-30.",,,-108.511,148.82999999999998,-50.9809115,74.75011,,
SAF,Ocean Tracking Network South Africa Node,"OTN is a research and technology development initiative headquartered at¦                  Dalhousie University, in Halifax Nova Scotia. Starting in 2008, OTN began deploying Canadian state of¦                  the art acoustic receivers and oceanographic monitoring equipment in key ocean locations. These are¦                  being used to document the movements and survival of marine animals carrying acoustic tags and to¦                  document how both are influenced by oceanographic conditions. The OTN Data Center aggregates data from¦                  its member projects to resolve detections between projects and create common formats for data products¦                  that can more easily be used in analysis and synthesis efforts.",Ocean Tracking Network Data Centre - South Africa Node,Director of Data Management,OTN,otndc@dal.ca,https://members.oceantrack.org,"ACADEMIC > DALHOUSIE/BIOLOGY, EARTH SCIENCE > BIOLOGICAL CLASSIFICATION > ANIMALS/VERTEBRATES > FISH",GCMD,10.1428,"By accessing or using OTN Data you agree to:¦                              a) give proper attribution to all Data Providers and to OTN by using the preformed citations contained in OTN metadata reports and in the data records,¦                              b) inform OTN of publications, products or commercial applications using the data,¦                              c) acknowledge that neither the OTN nor the provider is liable for inaccuracies in the data,¦                              d) assume responsibility for investigating and understanding the limitations of the data,¦                              e) report all problems with respect to data to otndc@dal.ca.¦                              For full policy, see: http://members.oceantrack.org/policies/otn-data-policy-ver-11-oct-30.",,,16.0,36.0,-34.63038,-24.5,,
nep,Ocean Tracking Network Northeast Pacific Node,"OTN is a research and technology development initiative headquartered at ¦                  Dalhousie University, in Halifax Nova Scotia. Starting in 2008, OTN began deploying Canadian state of ¦                  the art acoustic receivers and oceanographic monitoring equipment in key ocean locations. These are ¦                  being used to document the movements and survival of marine animals carrying acoustic tags and to ¦                  document how both are influenced by oceanographic conditions. The OTN Data Center aggregates data from¦                  its member projects to resolve detections between projects and create common formats for data products¦                  that can more easily be used in analysis and synthesis efforts.",Ocean Tracking Network Data Centre - Northeast Pacific Node,Director of Data Management,OTN,otndc@dal.ca,https://members.oceantrack.org,"ACADEMIC > DALHOUSIE/BIOLOGY, EARTH SCIENCE > BIOLOGICAL CLASSIFICATION > ANIMALS/VERTEBRATES > FISH",GCMD,10.1428,"By accessing or using OTN Data you agree to: ¦                              a) give proper attribution to all Data Providers and to OTN by using the preformed citations contained in OTN metadata reports and in the data records, ¦                              b) inform OTN of publications, products or commercial applications using the data, ¦                              c) acknowledge that neither the OTN nor the provider is liable for inaccuracies in the data, ¦                              d) assume responsibility for investigating and understanding the limitations of the data, ¦                              e) report all problems with respect to data to otndc@dal.ca. ¦                              For full policy, see: http://members.oceantrack.org/policies/otn-data-policy-ver-11-oct-30.",,,-176.9,-55.6,4.9932,60.7663,,
